Execution Time,Steps
0.122213125228882,1
1.62820720672607,10
3.11612010002136,20
4.68166089057922,30
6.28820180892944,40
7.78525686264038,50
15.265243768692,100
